PolicyNumber,
TestAIOSmart01,
TestAIOSmart02,
TestAIOSmart03,
TestAIOSmart04,
TestAIOSmart05,
TestAIOSmart06,
TestAIOSmart07,
TestAIOSmart08,
TestAIOSmart09,
TestAIOSmart10,
TestAIOSmart11,
TestAIOSmart12,
TestAIOSmart13,
TestAIOSmart14,
TestAIOSmart15,
TestAIOSmart16,
TestAIOSmart17,
TestAIOSmart18,
TestAIOSmart19,
TestAIOSmart20,
TestAIOSmart21,
TestAIOSmart22,
TestAIOSmart23,
TestAIOSmart24,
TestAIOSmart25,
TestAIOSmart26,
TestAIOSmart27,
TestAIOSmart28,
TestAIOSmart29,
TestAIOSmart30,
TestAIOSmart31,
TestAIOSmart32,
TestAIOSmart33,
TestAIOSmart34,
TestAIOSmart35,
TestAIOSmart36,
TestAIOSmart37,
TestAIOSmart38,
TestAIOSmart39,
TestAIOSmart40,
TestAIOSmart41,
TestAIOSmart42,
TestAIOSmart43,
TestAIOSmart44,
TestAIOSmart45,
TestAIOSmart46,
TestAIOSmart47,
TestAIOSmart48,
TestAIOSmart49,
TestAIOSmart50
